Alias / Serial number,Time,Status,Vpv1(V),Ipv1(A),Ppv1(W),Vpv2(V),Ipv2(A),Ppv2(W),Ppv(W),Vac(R)(V),VacS(V),VacT(V),Iac(R)(A),IacS(A),IacT(A),Fac(Hz),Pac(W),PacR(W),PacS(W),PacT(W),Temperature(_),Eac_today(kWh),Eac_total(kWh),T_total(H),Bat_Volt(V),Bat_Power(W),Output_Volt(V),Output_Freq(Hz),Load_Power(W),CHG_Temperature(_),Bat_Temperature(_),Bat_Percent(%)
SD1740L010,2018-02-20 00:00:33,NORMAL,11.1,0,0,15,0,0,0,235.5,0,192.9,0.5,0,0,50,-13,0,0,0,37.8,6.1,328.7,590,52.6,68,231.3,50,67,37.3,30,54
SD1740L010,2018-02-20 00:05:33,NORMAL,11.1,0,0,15,0,0,0,237.1,0,192.9,0.4,0,0,50,4,0,0,0,37.6,6.2,328.8,590,52.6,82,232.8,50,71,37.1,30,54
SD1740L010,2018-02-20 00:10:33,NORMAL,11.1,0,0,15,0,0,0,237.5,0,192.9,0.5,0,0,50,20,0,0,0,37.8,6.2,328.8,590,52.6,77,233.3,50,48,37.2,30,54
SD1740L010,2018-02-20 00:15:33,NORMAL,11.1,0,0,15.1,0,0,0,239.1,0,192.9,0.5,0,0,50,19,0,0,0,37.8,6.2,328.8,590,52.6,80,234.8,50,52,37.2,30,54
SD1740L010,2018-02-20 00:20:33,NORMAL,10.8,0,0,14.7,0,0,0,231.9,0,192.9,0.7,0,0,50,-21,0,0,0,37.6,6.2,328.8,590,52.5,164,227.7,50,170,37.2,30,54
SD1740L010,2018-02-20 00:25:33,NORMAL,10.8,0,0,14.6,0,0,0,232.8,0,192.9,0.6,0,0,50,-10,0,0,0,37.8,6.2,328.8,590,52.5,171,228.6,50,164,37.1,30,54
SD1740L010,2018-02-20 00:30:33,NORMAL,11,0,0,14.9,0,0,0,237.2,0,192.9,0.7,0,0,50,22,0,0,0,37.5,6.2,328.8,591,52.4,182,233,50,133,36.9,29,54
SD1740L010,2018-02-20 00:35:33,NORMAL,11.1,0,0,14.9,0,0,0,238,0,193,1.2,0,0,50,2,0,0,0,37.5,6.2,328.8,591,52.5,257,233.8,50,219,36.9,29,53
SD1740L010,2018-02-20 00:40:33,NORMAL,11,0,0,14.8,0,0,0,235.3,0,193,1.3,0,0,50,3,0,0,0,37.6,6.2,328.8,591,52.4,257,231,50,231,37,29,53
SD1740L010,2018-02-20 00:45:33,NORMAL,11,0,0,14.8,0,0,0,232,0,193,1.3,0,0,50.1,-13,0,0,0,37.7,6.3,328.9,591,52.4,239,227.9,50.1,225,36.8,29,53
SD1740L010,2018-02-20 00:50:33,NORMAL,11,0,0,14.8,0,0,0,234.8,0,193,0.6,0,0,50,17,0,0,0,37.4,6.3,328.9,591,52.5,174,230.6,50,132,36.9,29,53
SD1740L010,2018-02-20 00:55:33,NORMAL,11,0,0,14.8,0,0,0,234.6,0,193,0.6,0,0,50,-13,0,0,0,37.6,6.3,328.9,591,52.5,151,230.4,50,148,36.8,29,53
SD1740L010,2018-02-20 01:00:33,NORMAL,11.1,0,0,14.9,0,0,0,234.9,0,193,0.6,0,0,50,-11,0,0,0,37.7,6.3,328.9,591,52.4,154,230.7,50,142,36.8,29,53
SD1740L010,2018-02-20 01:05:33,NORMAL,11,0,0,14.9,0,0,0,236.2,0,193.1,0.6,0,0,49.9,17,0,0,0,37.4,6.3,328.9,591,52.5,168,232,49.9,134,36.9,29,52
SD1740L010,2018-02-20 01:10:33,NORMAL,11,0,0,14.9,0,0,0,231.7,0,193.1,0.6,0,0,50,-11,0,0,0,37.6,6.3,328.9,591,52.4,156,227.6,50,145,36.7,29,52
SD1740L010,2018-02-20 01:15:33,NORMAL,10.9,0,0,14.8,0,0,0,232.3,0,193.1,0.6,0,0,49.9,-12,0,0,0,37.5,6.3,328.9,591,52.4,150,228.2,49.9,139,36.5,29,52
SD1740L010,2018-02-20 01:20:33,NORMAL,10.9,0,0,14.7,0,0,0,231.9,0,193.1,0.6,0,0,49.9,-13,0,0,0,37.1,6.3,328.9,591,52.4,150,227.7,49.9,156,36.4,29,52
SD1740L010,2018-02-20 01:25:33,NORMAL,10.9,0,0,14.7,0,0,0,233.9,0,193.1,0.5,0,0,50,1,0,0,0,37.2,6.3,328.9,591,52.5,161,229.7,50,129,36.4,29,52
SD1740L010,2018-02-20 01:30:33,NORMAL,10.9,0,0,14.7,0,0,0,234.2,0,193.1,0.6,0,0,50,-11,0,0,0,37.3,6.4,329,592,52.5,147,230,50,149,36.6,29,52
SD1740L010,2018-02-20 01:35:33,NORMAL,10.8,0,0,14.5,0,0,0,232.3,0,193.1,0.6,0,0,50,-7,0,0,0,37.1,6.4,329,592,52.5,160,228.2,50,139,36.6,29,52
SD1740L010,2018-02-20 01:40:33,NORMAL,10.7,0,0,14.5,0,0,0,232.1,0,193.1,0.6,0,0,50,-7,0,0,0,37.2,6.4,329,592,52.5,159,227.9,50,144,36.3,29,52
SD1740L010,2018-02-20 01:45:33,NORMAL,10.7,0,0,14.5,0,0,0,232.7,0,193.2,0.6,0,0,50,-4,0,0,0,37.1,6.4,329,592,52.5,158,228.5,50,140,36.6,29,51
SD1740L010,2018-02-20 01:50:34,NORMAL,10.8,0,0,14.5,0,0,0,233.3,0,193.2,0.6,0,0,50,-6,0,0,0,37.4,6.4,329,592,52.5,156,229.2,50,140,36.6,29,51
SD1740L010,2018-02-20 01:55:34,NORMAL,11,0,0,14.7,0,0,0,236.3,0,193.2,0.6,0,0,50,3,0,0,0,37.4,6.4,329,592,52.3,154,232.1,50,127,36.3,29,51
SD1740L010,2018-02-20 02:00:34,NORMAL,11,0,0,14.8,0,0,0,234.2,0,193.2,0.5,0,0,50,0,0,0,0,37.1,6.4,329,592,52.4,78,229.9,50,62,36.4,29,51
SD1740L010,2018-02-20 02:05:34,NORMAL,11.1,0,0,14.8,0,0,0,235,0,193.2,0.7,0,0,50.1,5,0,0,0,37.1,6.4,329,592,52.5,164,230.7,50.1,149,36.6,29,51
SD1740L010,2018-02-20 02:10:34,NORMAL,11.1,0,0,15,0,0,0,235.4,0,193.2,0.5,0,0,50,-12,0,0,0,37,6.4,329,592,52.5,158,231.1,50,140,36.5,29,51
SD1740L010,2018-02-20 02:15:34,NORMAL,11.1,0,0,15,0,0,0,234.9,0,193.2,0.4,0,0,49.9,14,0,0,0,37.3,6.5,329.1,592,52.5,80,230.7,49.9,56,36.1,29,51
SD1740L010,2018-02-20 02:20:34,NORMAL,11.4,0,0,15.3,0,0,0,240.5,0,193.2,0.4,0,0,50,15,0,0,0,36.8,6.5,329.1,592,52.4,81,236.1,50,58,36.2,29,51
SD1740L010,2018-02-20 02:25:34,NORMAL,11.4,0,0,15.3,0,0,0,236.9,0,193.2,0.4,0,0,49.9,13,0,0,0,37.1,6.5,329.1,592,52.5,81,232.6,49.9,58,36.3,29,51
SD1740L010,2018-02-20 02:30:34,NORMAL,11.4,0,0,15.3,0,0,0,237,0,193.2,0.5,0,0,50,-18,0,0,0,36.5,6.5,329.1,593,52.4,61,232.7,50,79,36,29,51
SD1740L010,2018-02-20 02:35:34,NORMAL,11.6,0,0,15.5,0,0,0,239.6,0,193.2,0.6,0,0,50,-8,0,0,0,36.7,6.5,329.1,593,52.6,62,235.3,50,70,36,28,50
SD1740L010,2018-02-20 02:40:34,NORMAL,11.5,0,0,15.4,0,0,0,237.4,0,193.3,0.6,0,0,50,-18,0,0,0,36.6,6.5,329.1,593,52.6,62,233.1,50,80,36,28,50
SD1740L010,2018-02-20 02:45:34,NORMAL,11.6,0,0,15.4,0,0,0,237.3,0,193.3,0.6,0,0,50,-23,0,0,0,36.6,6.5,329.1,593,52.6,64,233,50,72,35.9,28,50
SD1740L010,2018-02-20 02:50:34,NORMAL,11.7,0,0,15.5,0,0,0,237.4,0,193.3,0.5,0,0,50,16,0,0,0,36.3,6.5,329.1,593,52.4,70,233.2,50,60,35.8,28,50
SD1740L010,2018-02-20 02:55:34,NORMAL,11.9,0,0,15.6,0,0,0,238.4,0,193.3,0.5,0,0,50,15,0,0,0,36.5,6.5,329.1,593,52.4,68,234.2,50,59,35.7,28,50
SD1740L010,2018-02-20 03:00:34,NORMAL,12,0,0,15.8,0,0,0,240.5,0,193.3,0.5,0,0,50,-12,0,0,0,36.4,6.5,329.1,593,52.5,54,236.2,50,67,35.6,28,50
SD1740L010,2018-02-20 03:05:34,NORMAL,12,0,0,15.8,0,0,0,238.7,0,193.3,0.5,0,0,50,-22,0,0,0,36.4,6.5,329.1,593,52.4,55,234.4,50,77,35.7,28,50
SD1740L010,2018-02-20 03:10:34,NORMAL,12.1,0,0,15.8,0,0,0,238.9,0,193.3,0.5,0,0,50,-12,0,0,0,36.2,6.5,329.1,593,52.4,57,234.6,50,70,35.5,28,50
SD1740L010,2018-02-20 03:15:34,NORMAL,12.3,0,0,16,0,0,0,241.5,0,193.3,0.5,0,0,50,-10,0,0,0,36.2,6.5,329.1,593,52.6,62,237.1,50,75,35.7,28,50
SD1740L010,2018-02-20 03:20:34,NORMAL,12.3,0,0,16,0,0,0,239.1,0,193.3,0.7,0,0,50,13,0,0,0,36.3,6.5,329.1,593,52.5,186,234.7,50,148,35.5,28,50
SD1740L010,2018-02-20 03:25:34,NORMAL,12.5,0,0,16.1,0,0,0,239.8,0,193.3,0.7,0,0,50,-10,0,0,0,36.2,6.5,329.1,593,52.5,176,235.5,50,168,35.7,28,50
SD1740L010,2018-02-20 03:30:34,NORMAL,12.6,0,0,16.3,0,0,0,239.3,0,193.3,0.7,0,0,49.9,-6,0,0,0,36.1,6.6,329.2,594,52.3,177,234.9,49.9,152,35.6,28,50
SD1740L010,2018-02-20 03:35:34,NORMAL,12.3,0,0,16.1,0,0,0,235.8,0,193.4,1.3,0,0,50,1,0,0,0,36,6.6,329.2,594,52.4,271,231.6,50,233,35.6,28,49
SD1740L010,2018-02-20 03:40:34,NORMAL,12.7,0,0,16.3,0,0,0,239.3,0,193.4,1.2,0,0,50,7,0,0,0,35.8,6.6,329.2,594,52.4,270,235,50,227,35.5,28,49
SD1740L010,2018-02-20 03:45:34,NORMAL,12.7,0,0,16.5,0,0,0,235.6,0,193.4,0.6,0,0,49.9,-7,0,0,0,36.1,6.6,329.2,594,52.2,146,231.4,49.9,140,35.4,28,49
SD1740L010,2018-02-20 03:50:34,NORMAL,13.2,0,0,16.7,0,0,0,236.8,0,193.4,0.6,0,0,50,-14,0,0,0,36.2,6.6,329.2,594,52.4,152,232.5,50,153,35.2,28,49
SD1740L010,2018-02-20 03:55:34,NORMAL,13,0,0,16.9,0,0,0,239,0,193.4,0.6,0,0,50,-16,0,0,0,36,6.6,329.2,594,52.4,151,234.7,50,153,35.2,28,49
SD1740L010,2018-02-20 04:00:34,NORMAL,12.8,0,0,16.7,0,0,0,236.6,0,193.4,0.6,0,0,49.9,-5,0,0,0,35.9,6.6,329.2,594,52.3,151,232.4,49.9,142,35.5,28,49
SD1740L010,2018-02-20 04:05:34,NORMAL,13,0,0,16.8,0,0,0,237.5,0,193.4,0.6,0,0,50,-10,0,0,0,35.9,6.7,329.3,594,52.4,158,233.2,50,154,35.5,28,48
SD1740L010,2018-02-20 04:10:34,NORMAL,13,0,0,16.9,0,0,0,236.3,0,193.5,0.6,0,0,50,-13,0,0,0,36,6.7,329.3,594,52.3,155,232.1,50,155,35.3,28,48
SD1740L010,2018-02-20 04:15:34,NORMAL,13,0,0,16.8,0,0,0,235.5,0,193.5,0.6,0,0,50,-5,0,0,0,36,6.7,329.3,594,52.5,161,231.3,50,137,35.2,28,48
SD1740L010,2018-02-20 04:20:34,NORMAL,13.4,0,0,17,0,0,0,238.3,0,193.5,0.6,0,0,50,-5,0,0,0,35.7,6.7,329.3,594,52.4,146,234.1,50,137,35.2,28,48
SD1740L010,2018-02-20 04:25:34,NORMAL,13.4,0,0,17,0,0,0,235.4,0,193.5,0.6,0,0,49.9,-6,0,0,0,35.8,6.7,329.3,594,52.4,146,231.2,50,137,35.1,28,48
SD1740L010,2018-02-20 04:30:34,NORMAL,13.1,0,0,17,0,0,0,235.6,0,193.5,0.6,0,0,50,-4,0,0,0,35.5,6.7,329.3,595,52.3,147,231.4,49.9,138,35.1,28,48
SD1740L010,2018-02-20 04:35:34,NORMAL,13.3,0,0,17.1,0,0,0,237.7,0,193.5,0.4,0,0,50,38,0,0,0,35.5,6.7,329.3,595,52.3,122,233.5,50,74,34.8,28,48
SD1740L010,2018-02-20 04:40:34,NORMAL,13.5,0,0,17.2,0,0,0,236.8,0,193.5,0.5,0,0,50,-17,0,0,0,35.5,6.7,329.3,595,52.4,59,232.5,50,77,35.1,28,48
SD1740L010,2018-02-20 04:45:34,NORMAL,13.6,0,0,17.4,0,0,0,241.6,0,193.5,0.5,0,0,50,27,0,0,0,35.5,6.7,329.3,595,52.4,76,237.3,50,42,34.8,27,48
SD1740L010,2018-02-20 04:50:34,NORMAL,13.7,0,0,17.6,0,0,0,241.3,0,193.5,0.5,0,0,50,-13,0,0,0,35.4,6.7,329.3,595,52.5,65,237,50,79,34.7,27,48
SD1740L010,2018-02-20 04:55:34,NORMAL,13.5,0,0,17.5,0,0,0,240,0,193.5,0.5,0,0,50,-11,0,0,0,35.4,6.7,329.3,595,52.5,65,235.7,50,64,34.7,27,47
SD1740L010,2018-02-20 05:00:34,NORMAL,13.5,0,0,17.4,0,0,0,238.6,0,193.6,0.5,0,0,50,19,0,0,0,35.3,6.7,329.3,595,52.5,71,234.4,50,61,34.8,27,47
SD1740L010,2018-02-20 05:05:34,NORMAL,13.3,0,0,17.2,0,0,0,234.2,0,193.6,0.6,0,0,49.9,8,0,0,0,35.5,6.8,329.4,595,52.3,161,230,49.9,144,34.6,27,47
SD1740L010,2018-02-20 05:10:34,NORMAL,13.8,0,0,17.5,0,0,0,236.7,0,193.6,0.7,0,0,49.9,15,0,0,0,35.2,6.8,329.4,595,52.4,173,232.5,49.9,135,34.6,27,47
SD1740L010,2018-02-20 05:15:34,NORMAL,14.1,0,0,17.8,0,0,0,238.6,0,193.6,0.5,0,0,50,-11,0,0,0,35.3,6.8,329.4,595,52.3,152,234.4,50,150,34.7,27,47
SD1740L010,2018-02-20 05:20:34,NORMAL,13.4,0,0,17.7,0,0,0,235.9,0,193.6,0.6,0,0,49.9,-11,0,0,0,35.2,6.8,329.4,595,52.4,58,231.6,49.9,70,34.5,27,47
SD1740L010,2018-02-20 05:25:34,NORMAL,13.2,0,0,17.8,0,0,0,237.6,0,193.6,0.4,0,0,50,9,0,0,0,35,6.8,329.4,595,52.5,76,233.3,50,60,34.6,27,47
SD1740L010,2018-02-20 05:30:34,NORMAL,12.8,0,0,17.7,0,0,0,238.7,0,193.6,0.6,0,0,50,-3,0,0,0,35.1,6.8,329.4,596,52.4,62,234.5,50,67,34.4,27,47
SD1740L010,2018-02-20 05:35:34,NORMAL,12.5,0,0,17.4,0,0,0,234.8,0,193.6,0.5,0,0,49.9,-15,0,0,0,35.2,6.8,329.4,596,52.4,66,230.5,49.9,80,34.8,27,47
SD1740L010,2018-02-20 05:40:34,NORMAL,12.7,0,0,17.5,0,0,0,235.5,0,193.6,0.4,0,0,50,-3,0,0,0,35.2,6.8,329.4,596,52.4,71,231.2,50,82,34.6,27,47
SD1740L010,2018-02-20 05:45:34,NORMAL,13,0,0,18,0,0,0,234.8,0,193.6,0.5,0,0,50,-21,0,0,0,35.3,6.8,329.4,596,52.5,53,230.5,50,74,34.7,27,47
SD1740L010,2018-02-20 05:50:34,NORMAL,14.4,0,0,20,0,0,0,233.4,0,193.6,0.4,0,0,50,15,0,0,0,35,6.8,329.4,596,52.5,82,229.3,50,59,34.6,27,47
SD1740L010,2018-02-20 05:55:34,NORMAL,20.3,0,0,28.6,0,0,0,235.4,0,193.6,0.4,0,0,50,15,0,0,0,35.2,6.8,329.4,596,52.5,76,231.1,50,54,34.6,27,47
SD1740L010,2018-02-20 06:00:34,NORMAL,48.5,0,0,66.6,0,0,0,232.1,0,193.6,0.7,0,0,50,1,0,0,0,35.1,6.8,329.4,596,52.5,181,228,50,161,34.7,27,47
SD1740L010,2018-02-20 06:05:34,NORMAL,121.3,0,0,145.8,0,0,0,230.3,0,193.7,0.7,0,0,49.9,-12,0,0,0,35.4,6.8,329.4,596,52.3,171,226.1,49.9,160,34.5,27,46
SD1740L010,2018-02-20 06:10:34,NORMAL,177.4,0,0,194.2,0,0,0,227.3,0,193.7,0.7,0,0,49.9,-9,0,0,0,35.4,6.9,329.5,596,52.3,168,223.2,49.9,153,34.8,27,46
SD1740L010,2018-02-20 06:15:34,NORMAL,141.5,0,0,130.1,0,1,1,231.1,0,193.7,1,0,0,50.1,-156,0,0,0,35.4,6.9,329.5,596,52.6,0,226.9,50,170,34.8,27,46
SD1740L010,2018-02-20 06:20:34,NORMAL,124.7,0,0,242.3,0,2,2,230.8,0,193.7,0.7,0,0,50,-98,0,0,0,35.4,6.9,329.5,596,52.4,0,226.6,50,92,34.8,27,46
SD1740L010,2018-02-20 06:25:34,NORMAL,142.3,0,1,263.8,0,2,3,231.7,0,193.7,0.9,0,0,50,-180,0,0,0,35.4,6.9,329.5,596,52.5,0,227.5,50,176,34.9,27,46
SD1740L010,2018-02-20 06:30:34,NORMAL,180.7,0,1,249.3,0,6,7,233.6,0,193.7,0.8,0,0,50,-151,0,0,0,35.5,6.9,329.5,597,52.5,0,229.5,50,155,34.9,27,46
SD1740L010,2018-02-20 06:35:34,NORMAL,224.3,0,5,268.2,0,8,13,232.8,0,193.7,0.7,0,0,50,-147,0,0,0,35.4,6.9,329.5,597,52.6,0,228.7,50,162,34.7,27,46
SD1740L010,2018-02-20 06:40:34,NORMAL,269.1,0,11,255.5,0,22,33,234.7,0,193.7,0.6,0,0,49.9,-196,0,0,0,35.4,6.9,329.5,597,52.6,0,230.4,49.9,241,34.7,27,46
SD1740L010,2018-02-20 06:45:34,NORMAL,240.2,0.1,26,241.3,0.2,36,62,234.7,0,193.7,0.4,0,0,50,-150,0,0,0,35.6,6.9,329.5,597,52.5,0,230.5,50,227,34.7,27,46
SD1740L010,2018-02-20 06:50:34,NORMAL,264.7,0.1,33,262.7,0.1,45,78,236.2,0,193.7,0.4,0,0,49.9,-48,0,0,0,35.6,6.9,329.5,597,52.5,0,231.9,49.9,143,34.6,27,46
SD1740L010,2018-02-20 06:55:34,NORMAL,274.5,0.1,21,273.6,0,32,53,236.3,0,193.7,0.5,0,0,50,-80,0,0,0,35.5,6.9,329.5,597,52.6,0,232.1,50,147,34.9,27,46
SD1740L010,2018-02-20 07:00:34,NORMAL,277.2,0.1,44,244.5,0.2,57,101,237.9,0,193.7,0.5,0,0,50,-24,0,0,0,35.4,6.9,329.5,597,52.6,0,233.7,50,142,34.8,27,46
SD1740L010,2018-02-20 07:05:34,NORMAL,273,0.3,94,272.7,0.4,107,201,235.9,0,193.7,0.6,0,0,49.9,-16,0,0,0,35.6,6.9,329.5,597,52.7,-65,231.6,49.9,155,34.7,27,46
SD1740L010,2018-02-20 07:10:34,NORMAL,280.9,0.5,140,285.3,0.5,143,283,236.2,0,193.7,0.5,0,0,50,0,0,0,0,35.5,6.9,329.5,597,52.7,-250,231.9,50,55,34.8,27,46
SD1740L010,2018-02-20 07:15:34,NORMAL,275.9,0.6,168,287.3,0.5,168,336,236.9,0,193.8,0.4,0,0,50,9,0,0,0,36,6.9,329.5,597,52.8,-277,232.7,50,61,35.4,26,47
SD1740L010,2018-02-20 07:20:34,NORMAL,275.8,0.7,200,276.8,0.8,221,421,236.2,0,193.8,0.6,0,0,50,-26,0,0,0,36,6.9,329.5,597,53,-389,231.9,50,77,35.5,27,47
SD1740L010,2018-02-20 07:25:34,NORMAL,275.9,0.7,220,273.1,0.9,243,463,235.3,0,193.8,2.7,0,0,50,-325,0,0,0,36.5,6.9,329.5,597,52.8,0,231.1,50,783,36.1,27,47
SD1740L010,2018-02-20 07:30:34,NORMAL,278.3,1,298,276.8,1.1,323,621,231.8,0,193.8,3.2,0,0,50.1,-1543,0,0,0,36.6,7,329.6,598,52.7,0,227.8,50.1,2157,36.2,27,47
SD1740L010,2018-02-20 07:35:34,NORMAL,273.3,1.2,333,279.9,1.2,361,694,238.9,0,193.8,3.2,0,0,50,-115,0,0,0,37.1,7,329.6,598,52.7,0,234.7,50,802,36.2,27,47
SD1740L010,2018-02-20 07:40:34,NORMAL,272.1,1.2,343,276.2,1.3,371,714,238.3,0,193.9,1.2,0,0,50,0,0,0,0,37.6,7,329.6,598,53.1,-503,234,50,204,36.9,27,48
SD1740L010,2018-02-20 07:45:34,NORMAL,283,1.3,380,275.4,1.4,410,790,238.3,0,193.9,3.5,0,0,50,-302,0,0,0,37.7,7.1,329.7,598,52.8,0,234.4,50,1084,37.4,27,48
SD1740L010,2018-02-20 07:50:34,NORMAL,278.2,1.6,467,276.1,1.8,500,967,237.9,0,193.9,2.3,0,0,50,91,0,0,0,38.3,7.1,329.7,598,53,-478,233.7,50,358,37.9,27,48
SD1740L010,2018-02-20 07:55:34,NORMAL,274.2,1.8,517,279,1.9,550,1067,237.5,0,193.9,2.4,0,0,50,-2,0,0,0,38.9,7.2,329.8,598,53.2,-682,233.4,50,360,38.4,27,48
SD1740L010,2018-02-20 08:00:34,NORMAL,281.3,1.9,556,275.4,2.1,590,1146,243.6,0,194,2.1,0,0,49.9,0,0,0,0,39.8,7.2,329.8,598,53.5,-765,239.3,50,354,39.2,28,49
SD1740L010,2018-02-20 08:15:28,NORMAL,327.4,0.1,75,326,0.2,89,164,0,0,194.1,1.2,0,0,0,0,0,0,0,40.3,7.2,329.8,598,53.1,3,223.5,50,144,39.5,28,50
SD1740L010,2018-02-20 08:15:32,NORMAL,327.4,0.1,75,326,0.2,89,164,0,0,194.1,1.2,0,0,0,0,0,0,0,40.3,7.2,329.8,598,53.1,3,223.5,50,144,39.5,28,50
SD1740L010,2018-02-20 08:15:36,NORMAL,327.4,0.1,75,326,0.2,89,164,0,0,194.1,1.2,0,0,0,0,0,0,0,40.3,7.2,329.8,598,53.1,3,223.5,50,144,39.5,28,50
SD1740L010,2018-02-20 08:15:39,NORMAL,327.4,0.1,75,326,0.2,89,164,0,0,194.1,1.2,0,0,0,0,0,0,0,40.3,7.2,329.8,598,53.1,3,223.5,50,144,39.5,28,50
SD1740L010,2018-02-20 08:15:45,NORMAL,327.4,0.1,75,326,0.2,89,164,0,0,194.1,1.2,0,0,0,0,0,0,0,40.3,7.2,329.8,598,53.1,3,223.5,50,144,39.5,28,50
SD1740L010,2018-02-20 09:19:19,NORMAL,274.9,4.1,1138,269.1,4.3,1167,2305,238.6,0,195.6,2.5,0,0,50,-757,0,0,0,49.3,7.7,330.3,599,54.4,-1949,234.3,50,1014,49.1,29,64
SD1740L010,2018-02-20 09:19:26,NORMAL,272.7,4.1,1137,271.2,4.3,1166,2303,239.6,0,195.6,3.4,0,0,50,-326,0,0,0,49.3,7.7,330.3,599,54.2,-1526,235.4,50,976,49.2,29,64
SD1740L010,2018-02-20 09:24:31,NORMAL,270.6,4.4,1200,270.1,4.5,1231,2431,241,0,195.7,0.7,0,0,49.9,-25,0,0,0,49.9,7.8,330.4,599,54.6,-2170,236.7,50,182,49.7,29,66
SD1740L010,2018-02-20 09:29:31,NORMAL,266.7,4.7,1245,269.8,4.7,1278,2523,244.6,0,195.9,0.5,0,0,50,37,0,0,0,51.5,7.8,330.4,600,54.8,-2270,240.2,50,81,50.8,30,67
SD1740L010,2018-02-20 09:34:31,NORMAL,268.7,4.5,1282,265.5,4.7,1307,2589,229.6,0,196.1,0.5,0,0,50,-27,0,0,0,52.1,7.8,330.4,600,54.8,-2305,225.4,50,236,51.9,30,69
SD1740L010,2018-02-20 09:39:31,NORMAL,271.5,4.9,1356,264.9,5.2,1390,2746,243.4,0,196.3,0.9,0,0,50,70,0,0,0,52.7,7.8,330.4,600,54.9,-2422,239.1,50,124,52.2,30,71
SD1740L010,2018-02-20 09:44:31,NORMAL,258.4,3.7,1152,260.8,4.1,1180,2332,221.6,0,196.5,2.1,0,0,50,-192,0,0,0,53.4,7.8,330.4,600,54.5,-1593,217.8,50,855,53.1,30,73
SD1740L010,2018-02-20 09:49:31,NORMAL,275.4,5.4,1489,299.1,4.3,1293,2782,244,0,196.6,1.5,0,0,50,-12,0,0,0,51.9,7.9,330.5,600,54.9,-2411,239.6,50,230,51.6,30,74
SD1740L010,2018-02-20 09:54:31,NORMAL,265.9,5.6,1504,299.1,4.1,1237,2741,219.7,0,196.8,1.7,0,0,50,-15,0,0,0,52.6,7.9,330.5,600,54.9,-2367,215.7,50,231,52,30,76
SD1740L010,2018-02-20 09:59:31,NORMAL,270.7,5.8,1587,303.6,3.7,1152,2739,244.5,0,197,1,0,0,50,17,0,0,0,53,7.9,330.5,600,54.8,-2370,240.1,50,241,52.6,30,78
SD1740L010,2018-02-20 10:04:31,NORMAL,269,5.6,1507,298.3,3.8,1160,2667,241.3,0,197.2,0.9,0,0,50,-25,0,0,0,53.8,7.9,330.5,600,54.8,-2385,236.9,50,158,53.1,31,79
SD1740L010,2018-02-20 10:09:31,NORMAL,265.8,5.7,1524,308.4,2.8,864,2388,244,0,197.4,0.6,0,0,49.9,-36,0,0,0,53.6,8,330.6,600,54.8,-2151,239.6,49.9,140,53.2,31,81
SD1740L010,2018-02-20 10:14:31,NORMAL,269.3,5.6,1530,306.9,2.9,889,2419,243.7,0,197.5,0.5,0,0,49.9,7,0,0,0,53,8,330.6,600,54.7,-2189,239.3,49.9,120,52.9,31,83
SD1740L010,2018-02-20 10:19:31,NORMAL,265.1,5.5,1460,300.7,3.4,1035,2495,238.7,0,197.7,0.4,0,0,49.9,-49,0,0,0,54,8,330.6,600,54.9,-2249,234.5,49.9,157,53.5,31,84
SD1740L010,2018-02-20 10:24:31,NORMAL,266.5,6.2,1673,308.1,2.8,879,2552,240.4,0,197.9,0.7,0,0,50,-1,0,0,0,54.5,8,330.6,600,55,-2277,236,50,124,53.8,31,86
SD1740L010,2018-02-20 10:29:31,NORMAL,266.2,6.2,1654,307.9,2.6,775,2429,242.8,0,198.1,4,0,0,50,17,0,0,0,54.9,8,330.6,601,54.6,-1429,238.7,50,909,54.3,31,88
SD1740L010,2018-02-20 10:34:31,NORMAL,262.9,6.4,1700,312.8,1.7,613,2313,244,0,198.3,0.7,0,0,50,-7,0,0,0,54.9,8,330.6,601,54.9,-2003,239.5,50,191,54.2,31,89
SD1740L010,2018-02-20 10:39:31,NORMAL,262.2,6.2,1644,307.9,2.3,733,2377,243.6,0,198.4,0.6,0,0,50,13,0,0,0,55,8.1,330.7,601,54.8,-2060,239.2,50,156,54.5,31,91
SD1740L010,2018-02-20 10:44:31,NORMAL,266.1,6.2,1674,306.3,2.7,881,2555,241.5,0,198.6,2.1,0,0,50,-8,0,0,0,54.3,8.1,330.7,601,55,-2105,237.2,50,319,54.4,31,93
SD1740L010,2018-02-20 10:49:31,NORMAL,267,6.6,1780,307.8,2.8,863,2643,243.3,0,198.8,2.1,0,0,49.9,45,0,0,0,54.9,8.1,330.7,601,55.2,-2206,239.1,50,254,54.5,31,94
SD1740L010,2018-02-20 10:54:31,NORMAL,266,6.6,1758,307.3,2.8,839,2597,243.8,0,199,2.4,0,0,50,50,0,0,0,54.6,8.1,330.7,601,55.3,-2147,239.5,50,280,54.4,31,96
SD1740L010,2018-02-20 10:59:31,NORMAL,263,6.7,1774,309.9,2.4,726,2500,242.9,0,199.1,4.4,0,0,50,38,0,0,0,54.8,8.2,330.8,601,55.8,-1345,238.9,50,1079,54.3,32,98
SD1740L010,2018-02-20 11:04:31,NORMAL,314.1,2.8,905,323.5,0,6,911,244.3,0,199.2,1.5,0,0,50,-27,0,0,0,52.9,8.2,330.8,601,57.2,-609,240,50,289,52.6,32,98
SD1740L010,2018-02-20 11:09:31,NORMAL,314.1,2.8,905,323.5,0,6,911,244.3,0,199.2,1.5,0,0,50,-27,0,0,0,52.9,8.2,330.8,601,57.2,-609,240,50,289,52.6,32,98
SD1740L010,2018-02-20 11:14:31,NORMAL,323.2,0.9,321,322.3,0,3,324,236.8,0,199.3,1.8,0,0,50,11,0,0,0,49,8.2,330.8,601,56.6,0,232.7,50,294,48.6,32,98
SD1740L010,2018-02-20 11:19:31,NORMAL,321.1,1,338,320.8,0,3,341,244,0,199.3,2.3,0,0,49.9,3,0,0,0,48,8.3,330.9,601,55.5,0,239.6,49.9,334,47.6,32,98
SD1740L010,2018-02-20 11:24:31,NORMAL,319.7,1.3,431,321,0,3,434,244,0,199.3,2.5,0,0,50,6,0,0,0,47,8.3,330.9,601,54.9,0,239.7,50,421,46.7,32,98
SD1740L010,2018-02-20 11:29:31,NORMAL,317.3,1.3,400,318.6,0,3,403,218.5,0,199.3,2.8,0,0,50,-155,0,0,0,46.4,8.4,331,602,54.8,0,214.7,50,561,46,32,98
SD1740L010,2018-02-20 11:34:31,NORMAL,315.5,1.4,455,317.2,0,3,458,245.1,0,199.3,2.3,0,0,50,2,0,0,0,46.2,8.4,331,602,54.6,0,240.8,50.1,453,45.8,32,98
SD1740L010,2018-02-20 11:39:31,NORMAL,316.2,1.1,360,316.5,0,3,363,244.8,0,199.3,2,0,0,50,8,0,0,0,46,8.4,331,602,54.5,0,240.5,50,332,45.2,32,98
SD1740L010,2018-02-20 11:44:31,NORMAL,317.5,0.8,288,316.7,0,3,291,246.6,0,199.3,1.5,0,0,50,9,0,0,0,45.6,8.5,331.1,602,54.3,0,242.2,50,261,44.9,32,98
SD1740L010,2018-02-20 11:49:31,NORMAL,316.5,0.8,253,315.9,0,3,256,253.7,0,199.3,1.4,0,0,50,-20,0,0,0,45.1,8.5,331.1,602,54.4,0,249.2,50,278,44.6,32,98
SD1740L010,2018-02-20 11:54:31,NORMAL,315.7,0.8,253,315.3,0,3,256,248.3,0,199.3,1.8,0,0,50,-22,0,0,0,44.9,8.5,331.1,602,54.2,0,244,50,274,44.3,32,98
SD1740L010,2018-02-20 11:59:31,NORMAL,315.2,0.8,277,314.3,0,3,280,250.4,0,199.3,1.6,0,0,50,-13,0,0,0,44.5,8.6,331.2,602,54.3,0,246,50,288,44,32,98
SD1740L010,2018-02-20 12:04:31,NORMAL,318.1,0.7,247,316.7,0,3,250,245.6,0,199.3,1.4,0,0,50.1,0,0,0,0,44.3,8.6,331.2,602,54.2,0,241.2,50.1,244,43.7,32,98
SD1740L010,2018-02-20 12:09:31,NORMAL,316.5,0.8,247,315.4,0,3,250,247.2,0,199.3,1.4,0,0,50.1,6,0,0,0,44.4,8.6,331.2,602,54.2,0,242.8,50.1,234,43.7,32,98
SD1740L010,2018-02-20 12:14:31,NORMAL,317.7,0.5,186,315.7,0,3,189,246.4,0,199.3,0.9,0,0,50,-12,0,0,0,43.8,8.6,331.2,602,54.2,0,242,50,210,43.5,32,98
SD1740L010,2018-02-20 12:19:31,NORMAL,315.8,0.5,183,314,0,3,186,246.5,0,199.3,0.9,0,0,50,-2,0,0,0,43.9,8.6,331.2,602,54.2,0,242.1,50,204,43.3,32,98
SD1740L010,2018-02-20 12:24:31,NORMAL,315.3,0.5,182,313.5,0,3,185,245.8,0,199.3,0.9,0,0,50,4,0,0,0,43.9,8.7,331.3,602,54,0,241.3,50,196,43.3,32,98
SD1740L010,2018-02-20 12:29:31,NORMAL,315.8,0.6,194,314,0,3,197,247.3,0,199.3,0.9,0,0,49.9,6,0,0,0,43.9,8.7,331.3,603,54,0,242.8,49.9,177,43.3,32,98
SD1740L010,2018-02-20 12:34:31,NORMAL,315,0.6,193,313.5,0,3,196,247,0,199.3,1.1,0,0,50,31,0,0,0,44,8.7,331.3,603,53.9,0,242.6,50,167,43.5,32,98
SD1740L010,2018-02-20 12:39:31,NORMAL,315.9,0.5,165,313.9,0,3,168,245,0,199.3,0.7,0,0,49.9,-27,0,0,0,43.9,8.7,331.3,603,54.1,0,240.5,49.9,203,43.5,32,98
SD1740L010,2018-02-20 12:44:31,NORMAL,314.6,0.6,193,312.9,0,3,196,245.1,0,199.3,0.9,0,0,50,-22,0,0,0,43.9,8.8,331.4,603,53.9,0,240.7,50,214,43.5,32,98
SD1740L010,2018-02-20 12:49:31,NORMAL,313.7,0.9,295,313.4,0,3,298,243.8,0,199.3,1.8,0,0,50,-52,0,0,0,44.1,8.8,331.4,603,53.9,0,239.4,50,336,43.4,32,98
SD1740L010,2018-02-20 12:54:31,NORMAL,311.3,1.4,451,313.8,0,3,454,255.4,0,199.3,2.2,0,0,50,19,0,0,0,44.1,8.8,331.4,603,54,0,250.8,50,433,43.4,32,98
SD1740L010,2018-02-20 12:59:31,NORMAL,306.2,2.3,799,312.5,0,4,803,240.4,0,199.3,3.2,0,0,49.9,220,0,0,0,44,8.9,331.5,603,54,0,236.4,49.9,607,43.7,32,98
SD1740L010,2018-02-20 13:04:31,NORMAL,309,1.6,494,311.4,0,3,497,241.5,0,199.3,2.4,0,0,49.9,-9,0,0,0,44.4,8.9,331.5,603,53.8,0,237.3,49.9,477,43.9,32,98
SD1740L010,2018-02-20 13:09:31,NORMAL,310.6,1.4,440,315,0,3,443,244.5,0,199.3,2.5,0,0,49.9,-13,0,0,0,44.4,9,331.6,603,53.8,0,240.2,49.9,452,44.1,32,98
SD1740L010,2018-02-20 13:14:31,NORMAL,288.5,1.3,383,300,0.1,16,399,235.3,0,199.3,2.6,0,0,50,-18,0,0,0,44.3,9,331.6,603,54,0,231.1,50,438,43.9,32,98
SD1740L010,2018-02-20 13:19:31,NORMAL,319.7,1.2,402,321.8,0,3,405,248.1,0,199.3,2.2,0,0,50,-2,0,0,0,44.6,9,331.6,603,54,0,243.7,50,402,43.9,32,98
SD1740L010,2018-02-20 13:24:31,NORMAL,313.2,1.2,393,314.6,0,3,396,245.5,0,199.3,2.2,0,0,50,7,0,0,0,44.6,9.1,331.7,603,53.8,0,241.5,50,375,44.2,32,98
SD1740L010,2018-02-20 13:29:31,NORMAL,311.9,1.3,406,312.9,0,3,409,244.2,0,199.3,2.3,0,0,50,14,0,0,0,45.1,9.1,331.7,604,53.9,0,239.9,50,378,44.5,32,98
SD1740L010,2018-02-20 13:34:31,NORMAL,311.9,1.3,406,312.9,0,3,409,244.2,0,199.3,2.3,0,0,50,14,0,0,0,45.1,9.1,331.7,604,53.9,0,239.9,50,378,44.5,32,98
SD1740L010,2018-02-20 13:39:31,NORMAL,310.3,1.4,436,312.3,0,3,439,245,0,199.3,2.3,0,0,50,8,0,0,0,44.8,9.2,331.8,604,53.9,0,240.6,50,432,44.4,32,98
SD1740L010,2018-02-20 13:44:31,NORMAL,309,1.4,437,311.1,0,3,440,240,0,199.3,2.3,0,0,49.9,12,0,0,0,45.1,9.2,331.8,604,53.9,0,235.8,49.9,428,44.5,32,98
SD1740L010,2018-02-20 13:49:31,NORMAL,308,1.5,466,310.6,0,3,469,243.5,0,199.3,2.4,0,0,50,-7,0,0,0,45.1,9.3,331.9,604,53.7,0,239.3,50,451,44.6,32,98
SD1740L010,2018-02-20 13:54:31,NORMAL,308.3,1.2,377,309.8,0,3,380,243.6,0,199.3,2.2,0,0,50,16,0,0,0,45.5,9.3,331.9,604,53.9,0,239.3,50,352,44.9,32,98
SD1740L010,2018-02-20 13:59:31,NORMAL,309.8,1.1,377,310.7,0,3,380,241.2,0,199.3,2,0,0,50,18,0,0,0,45.8,9.4,332,604,53.7,0,237,50,353,45.3,32,98
SD1740L010,2018-02-20 14:04:31,NORMAL,307.8,1.3,435,310.6,0,3,438,243.6,0,199.3,2.3,0,0,50,12,0,0,0,46.2,9.4,332,604,53.7,0,239.4,50,408,45.5,32,98
SD1740L010,2018-02-20 14:09:31,NORMAL,295.3,3,902,310,0,6,908,242.7,0,199.3,3.7,0,0,50,7,0,0,0,46.2,9.4,332,604,53.8,0,238.6,50,880,45.7,32,98
SD1740L010,2018-02-20 14:14:31,NORMAL,253.7,5.5,1420,305.3,0.9,271,1691,239.1,0,199.3,6.9,0,0,50,58,0,0,0,47,9.6,332.2,604,53.8,0,235.3,50,1648,46.5,32,98
SD1740L010,2018-02-20 14:19:31,NORMAL,243.6,4.5,1102,301.4,1,350,1452,242,0,199.3,5.6,0,0,50,-35,0,0,0,47.1,9.7,332.3,604,53.8,0,238.1,50,1484,46.7,32,98
SD1740L010,2018-02-20 14:24:31,NORMAL,252.7,4.9,1232,238.9,5.2,1250,2482,244.7,0,199.3,9.9,0,0,50,902,0,0,0,47.6,9.8,332.4,604,53.8,0,241.1,50,1526,47.3,32,98
SD1740L010,2018-02-20 14:29:31,NORMAL,260,5.1,1332,311.3,0.3,144,1476,244.6,0,199.3,5.8,0,0,50,54,0,0,0,48,10,332.6,605,53.7,0,240.7,50,1365,47.5,33,98
SD1740L010,2018-02-20 14:34:31,NORMAL,257.3,4.8,1256,309,0.5,175,1431,243.7,0,199.3,5.7,0,0,50,-10,0,0,0,48.1,10.1,332.7,605,53.7,0,239.7,50,1384,47.6,33,98
SD1740L010,2018-02-20 14:39:31,NORMAL,268.6,4.6,1249,312.6,0.3,108,1357,243.5,0,199.3,5.3,0,0,50,-5,0,0,0,47.9,10.2,332.8,605,53.7,0,239.5,50,1347,47.4,32,98
SD1740L010,2018-02-20 14:44:31,NORMAL,259.9,4.7,1228,312.6,0.2,106,1334,242,0,199.3,5.2,0,0,50,-32,0,0,0,48,10.3,332.9,605,53.8,0,238.1,50,1341,47.4,32,98
SD1740L010,2018-02-20 14:49:31,NORMAL,260.2,4.6,1212,310.1,0.5,148,1360,242.3,0,199.3,5.6,0,0,50,45,0,0,0,48.2,10.4,333,605,53.7,0,238.5,50,1275,47.4,33,98
SD1740L010,2018-02-20 14:54:31,NORMAL,272.6,4.3,1181,311.7,0.2,80,1261,244.5,0,199.3,5.1,0,0,50,18,0,0,0,48.3,0,333.2,605,53.8,0,240.6,50,1236,47.7,33,98
SD1740L010,2018-02-20 14:59:31,NORMAL,220.5,3.4,751,200.5,3.7,722,1473,240.9,0,199.3,6,0,0,50,17,0,0,0,48.1,0,333.2,605,53.7,0,237,50,1401,47.6,33,98
SD1740L010,2018-02-20 15:04:31,NORMAL,260.5,4.1,1079,309.1,0.9,288,1367,242.9,0,199.3,5.5,0,0,50,-38,0,0,0,48.3,0.2,333.4,605,53.7,0,239,50,1420,47.9,33,98
SD1740L010,2018-02-20 15:09:31,NORMAL,258,1.2,329,248.8,1.4,370,699,229.2,0,199.3,3.4,0,0,50,-585,0,0,0,48.2,0.3,333.5,605,53.8,0,225.2,50,1275,47.8,33,98
SD1740L010,2018-02-20 15:14:31,NORMAL,259,1.1,308,253.3,1.3,345,653,229.7,0,199.3,3.2,0,0,50,-636,0,0,0,48.2,0.3,333.5,605,53.8,0,225.7,50,1284,47.5,33,98
SD1740L010,2018-02-20 15:19:31,NORMAL,258.4,1.1,303,257.3,1.3,338,641,227.7,0,199.3,3.2,0,0,50,-644,0,0,0,48,0.4,333.6,605,53.7,0,223.8,50,1282,47.3,33,98
SD1740L010,2018-02-20 15:24:32,NORMAL,245.7,3.6,873,240.2,3.8,897,1770,242.4,0,199.3,7.2,0,0,50,431,0,0,0,48,0.4,333.6,605,53.6,0,238.6,50,1255,47.3,33,98
SD1740L010,2018-02-20 15:29:32,NORMAL,267.8,3.4,926,313.3,1,327,1253,242.2,0,199.3,5,0,0,50,38,0,0,0,48,0.5,333.7,606,53.7,0,238.3,50,1219,47.5,33,98
SD1740L010,2018-02-20 15:34:32,NORMAL,266.8,3.2,875,311.4,0.8,234,1109,241.9,0,199.3,4.5,0,0,50,26,0,0,0,48,0.6,333.8,606,53.7,0,237.9,50,1082,47.4,33,98
SD1740L010,2018-02-20 15:39:32,NORMAL,258.1,1.7,480,260.8,1.9,531,1011,234.6,0,199.3,4,0,0,50,-129,0,0,0,47.9,0.7,333.9,606,53.7,0,230.7,50,1152,47.6,33,98
SD1740L010,2018-02-20 15:44:32,NORMAL,269.5,2.8,776,305.5,1.4,470,1246,241.3,0,199.3,4.9,0,0,50,137,0,0,0,48.1,0.8,334,606,53.7,0,237.4,50,1150,47.7,33,98
SD1740L010,2018-02-20 15:49:32,NORMAL,263.7,2.8,738,303.6,1.3,387,1125,241.9,0,199.3,4.6,0,0,50,32,0,0,0,48.3,0.9,334.1,606,53.7,0,237.9,50,1106,47.7,33,98
SD1740L010,2018-02-20 15:54:32,NORMAL,263.6,1.9,521,260.1,2.1,566,1087,236.8,0,199.3,4.5,0,0,50,-66,0,0,0,48.1,1,334.2,606,53.7,0,232.9,50.1,1148,47.8,33,98
SD1740L010,2018-02-20 15:59:32,NORMAL,257,0.9,231,251.4,1,263,494,232.4,0,199.3,2.6,0,0,50,-618,0,0,0,47.8,1.1,334.3,606,53.7,0,228.4,50,1109,47.4,33,98
SD1740L010,2018-02-20 16:04:32,WAITING,305,0,0,303.3,0,0,0,226.2,0,199.3,0,0,0,50,-1402,0,0,0,47.6,1.1,334.3,606,53.6,0,222.1,50,1402,46.8,33,98
SD1740L010,2018-02-20 16:09:32,NORMAL,257.7,0.7,190,252.5,0.9,225,415,218.3,0,199.3,2.8,0,0,50,-832,0,0,0,47.4,1.1,334.3,606,53.5,0,214.5,50,1244,46.8,33,98
SD1740L010,2018-02-20 16:14:32,NORMAL,262,0.7,189,262.4,0.8,217,406,223.9,0,199.3,2.5,0,0,50,-752,0,0,0,47.3,1.2,334.4,606,53.6,0,219.9,49.9,1145,46.6,33,98
SD1740L010,2018-02-20 16:19:32,NORMAL,258.7,0.6,164,259.4,0.7,191,355,228.5,0,199.3,2.2,0,0,50,-844,0,0,0,47.3,1.2,334.4,606,53.7,0,224.6,50,1187,46.5,33,98
SD1740L010,2018-02-20 16:24:32,NORMAL,258.7,0.6,159,253.8,0.7,187,346,220.7,0,199.3,2.4,0,0,50.1,-865,0,0,0,46.8,1.2,334.4,606,53.6,0,216.8,50,1197,46.4,33,98
SD1740L010,2018-02-20 16:29:32,NORMAL,257.8,0.7,194,267.9,0.7,218,412,233.6,0,199.3,2.4,0,0,50,-815,0,0,0,47,1.2,334.4,607,53.6,0,229.5,50,1217,46.3,33,98
SD1740L010,2018-02-20 16:34:32,NORMAL,268.7,1.4,381,267.2,1.5,408,789,237,0,199.3,3.5,0,0,50,-591,0,0,0,46.8,1.3,334.5,607,53.7,0,233.1,50,1366,46.2,33,98
SD1740L010,2018-02-20 16:39:32,NORMAL,266,1.3,358,261.4,1.4,386,744,235.5,0,199.3,3.5,0,0,50,-513,0,0,0,47.1,1.3,334.5,607,53.7,0,231.5,50,1242,46.4,33,98
SD1740L010,2018-02-20 16:44:32,NORMAL,265.2,1.2,328,263.5,1.3,354,682,235.9,0,199.3,3.2,0,0,50,-593,0,0,0,47.2,1.4,334.6,607,53.7,0,231.8,50,1262,46.4,33,98
SD1740L010,2018-02-20 16:49:32,NORMAL,270.8,1,289,264.6,1.2,316,605,232.9,0,199.3,3.1,0,0,50,-2019,0,0,0,47.4,1.5,334.7,607,53.6,0,228.9,50,2615,46.4,33,98
SD1740L010,2018-02-20 18:44:55,NORMAL,10.9,0,0,14.8,0,0,0,230.1,0,199.8,4.3,0,0,50,23,0,0,0,45.2,2.1,335.3,609,52.7,1136,226.3,50,973,44.6,32,94
SD1740L010,2018-02-20 18:44:58,NORMAL,10.9,0,0,14.8,0,0,0,230.1,0,199.8,4.3,0,0,50,23,0,0,0,45.2,2.1,335.3,609,52.7,1136,226.3,50,973,44.6,32,94
SD1740L010,2018-02-20 18:45:02,NORMAL,10.9,0,0,14.9,0,0,0,230,0,199.8,4.3,0,0,50,-21,0,0,0,45.3,2.1,335.3,609,52.6,1132,226.1,50,1017,44.6,32,93
SD1740L010,2018-02-20 18:50:07,NORMAL,10.7,0,0,14.3,0,0,0,229.9,0,199.9,4.4,0,0,50,-9,0,0,0,45.4,2.2,335.4,609,52.6,1110,226,50,981,44.7,32,93
SD1740L010,2018-02-20 18:55:07,NORMAL,10.6,0,0,14.2,0,0,0,230.2,0,200,4.6,0,0,50,17,0,0,0,45.8,2.3,335.5,609,52.6,1212,226.2,49.9,1044,45,32,92
SD1740L010,2018-02-20 19:00:07,NORMAL,10.5,0,0,14.1,0,0,0,229.7,0,200.1,4.6,0,0,50,-1,0,0,0,45.8,2.4,335.6,609,52.7,1205,225.9,50,1062,45.1,32,91
SD1740L010,2018-02-20 19:05:07,NORMAL,10.6,0,0,14.1,0,0,0,231.3,0,200.2,4.6,0,0,50,-15,0,0,0,45.8,2.5,335.7,609,52.7,1239,227.6,50,1092,45.1,32,90
SD1740L010,2018-02-20 19:10:07,NORMAL,10.7,0,0,14.2,0,0,0,229.1,0,200.3,4.2,0,0,50,-36,0,0,0,45.7,2.6,335.8,609,52.6,1108,225.2,50,1010,45,32,89
SD1740L010,2018-02-20 19:15:07,NORMAL,10.7,0,0,14.3,0,0,0,230.5,0,200.4,4.4,0,0,50,-24,0,0,0,45.7,2.6,335.8,609,52.7,1165,226.6,50,1050,45,32,88
SD1740L010,2018-02-20 19:20:07,NORMAL,10.7,0,0,14.4,0,0,0,230.1,0,200.5,4.5,0,0,50,17,0,0,0,46,2.7,335.9,609,52.7,1189,226.3,50,1024,45.2,32,87
SD1740L010,2018-02-20 19:25:07,NORMAL,10.8,0,0,14.5,0,0,0,231.1,0,200.6,4.4,0,0,50,11,0,0,0,45.9,2.8,336,609,52.6,1174,227.4,50,1020,45.1,32,86
SD1740L010,2018-02-20 19:30:07,NORMAL,10.8,0,0,14.5,0,0,0,229.2,0,200.7,4.4,0,0,50,2,0,0,0,45.7,2.9,336.1,610,52.6,1173,225.4,50,1028,45.1,32,85
SD1740L010,2018-02-20 19:35:07,NORMAL,10.8,0,0,14.5,0,0,0,230.5,0,200.8,4.7,0,0,50,-7,0,0,0,45.9,3,336.2,610,52.6,1245,226.7,50,1098,45,32,84
SD1740L010,2018-02-20 19:40:07,NORMAL,10.9,0,0,14.6,0,0,0,231.3,0,200.9,4.6,0,0,50,-1,0,0,0,46.2,3.1,336.3,610,52.5,1228,227.5,50,1075,45.3,32,83
SD1740L010,2018-02-20 19:45:07,NORMAL,10.9,0,0,14.6,0,0,0,230.3,0,201,4.7,0,0,50,24,0,0,0,45.8,3.2,336.4,610,52.5,1227,226.6,50,1062,45.2,32,82
SD1740L010,2018-02-20 19:50:07,NORMAL,10.8,0,0,14.6,0,0,0,227.1,0,201.1,4.5,0,0,50,-40,0,0,0,46,3.3,336.5,610,52.6,1179,223.4,50,1075,45.1,32,81
SD1740L010,2018-02-20 19:55:07,NORMAL,10.9,0,0,14.7,0,0,0,229.2,0,201.2,4.6,0,0,50,-3,0,0,0,45.8,3.4,336.6,610,52.6,1210,225.4,50,1066,45.1,32,80
SD1740L010,2018-02-20 20:00:07,NORMAL,11,0,0,14.7,0,0,0,232.8,0,201.3,4.6,0,0,50,34,0,0,0,45.9,3.5,336.7,610,52.5,1235,229,50,1047,45,32,79
SD1740L010,2018-02-20 20:05:07,NORMAL,11.1,0,0,14.8,0,0,0,232,0,201.4,7.4,0,0,50,-36,0,0,0,46,3.6,336.8,610,52.2,1976,228.3,50,1765,45,32,78
SD1740L010,2018-02-20 20:10:07,NORMAL,11.1,0,0,14.8,0,0,0,232.7,0,201.5,4.4,0,0,50,19,0,0,0,45.7,3.7,336.9,610,52.5,1185,228.9,50,1019,45.1,32,77
SD1740L010,2018-02-20 20:15:07,NORMAL,11.1,0,0,14.9,0,0,0,234,0,201.6,4.5,0,0,50,36,0,0,0,46.2,3.7,336.9,610,52.5,1210,230.1,50,1024,45.1,32,76
SD1740L010,2018-02-20 20:20:07,NORMAL,11.1,0,0,15,0,0,0,234.9,0,201.7,4.5,0,0,50,-18,0,0,0,46.1,3.8,337,610,52.5,1183,231,50,1055,45,32,75
SD1740L010,2018-02-20 20:25:07,NORMAL,11.1,0,0,15.1,0,0,0,232.5,0,201.8,4.3,0,0,50,-5,0,0,0,45.7,3.9,337.1,610,52.5,1148,228.6,50,1002,44.9,32,75
SD1740L010,2018-02-20 20:30:07,NORMAL,11.3,0,0,15.2,0,0,0,233.6,0,202,4.8,0,0,50,-22,0,0,0,45.8,4,337.2,611,52.4,1295,229.7,50,1149,45.1,32,73
SD1740L010,2018-02-20 20:35:07,NORMAL,11.2,0,0,15.1,0,0,0,234.4,0,202.1,4.8,0,0,50,3,0,0,0,46,4.1,337.3,611,52.4,1306,230.5,50,1141,45,32,72
SD1740L010,2018-02-20 20:40:07,NORMAL,11.2,0,0,15.1,0,0,0,235.3,0,202.2,4.5,0,0,50,-7,0,0,0,45.8,4.2,337.4,611,52.4,1214,231.4,50,1071,45,32,71
SD1740L010,2018-02-20 20:45:07,NORMAL,11.2,0,0,15.2,0,0,0,236.7,0,202.3,4.4,0,0,50,-18,0,0,0,45.6,4.3,337.5,611,52.4,1196,232.9,50,1071,44.8,32,71
SD1740L010,2018-02-20 20:50:07,NORMAL,11.1,0,0,15.1,0,0,0,232.8,0,202.4,4.4,0,0,50,22,0,0,0,45.4,4.4,337.6,611,52.4,1180,229,50,1011,44.7,32,70
SD1740L010,2018-02-20 20:55:07,NORMAL,11.1,0,0,15,0,0,0,230.7,0,202.5,3.7,0,0,50,-7,0,0,0,45.3,4.5,337.7,611,52.4,896,226.8,50,787,44.5,32,69
SD1740L010,2018-02-20 21:00:07,NORMAL,10.8,0,0,14.6,0,0,0,232.8,0,202.5,3.6,0,0,50,-9,0,0,0,44.9,4.5,337.7,611,52.5,907,228.9,50,809,44.1,32,68
SD1740L010,2018-02-20 21:05:07,NORMAL,10.8,0,0,14.6,0,0,0,232.6,0,202.6,3.5,0,0,50,-10,0,0,0,44.4,4.6,337.8,611,52.4,844,228.6,50,746,43.7,32,67
SD1740L010,2018-02-20 21:10:07,NORMAL,10.9,0,0,14.7,0,0,0,233.3,0,202.7,3.4,0,0,50,-15,0,0,0,44.3,4.6,337.8,611,52.3,842,229.3,50,762,43.5,32,67
SD1740L010,2018-02-20 21:15:07,NORMAL,10.9,0,0,14.7,0,0,0,234.1,0,202.7,3.4,0,0,50,30,0,0,0,44,4.7,337.9,611,52.3,872,230.1,50,722,43.3,32,66
SD1740L010,2018-02-20 21:20:07,NORMAL,11,0,0,14.8,0,0,0,235.1,0,202.8,3.5,0,0,50,-18,0,0,0,43.8,4.8,338,611,52.2,890,231.2,50,799,43.1,32,65
SD1740L010,2018-02-20 21:25:07,NORMAL,11,0,0,14.8,0,0,0,236,0,202.9,3.5,0,0,50,33,0,0,0,43.5,4.8,338,611,52.2,892,232,50,749,43,32,65
SD1740L010,2018-02-20 21:30:07,NORMAL,11.1,0,0,14.9,0,0,0,235.9,0,203,3.5,0,0,50,16,0,0,0,43.7,4.9,338.1,612,52.1,889,231.9,50,764,42.9,32,64
SD1740L010,2018-02-20 21:35:07,NORMAL,11,0,0,14.8,0,0,0,234.2,0,203,3.5,0,0,49.9,-11,0,0,0,43.6,5,338.2,612,52.1,878,230.2,49.9,776,42.7,32,63
SD1740L010,2018-02-20 21:40:07,NORMAL,11.1,0,0,14.9,0,0,0,235.1,0,203.1,3.5,0,0,50,-6,0,0,0,43.3,5,338.2,612,52.1,879,231.1,50,775,42.6,31,63
SD1740L010,2018-02-20 21:45:07,NORMAL,11,0,0,14.8,0,0,0,232.7,0,203.2,3.5,0,0,50,-8,0,0,0,43.3,5.1,338.3,612,52.2,850,228.7,50,753,42.7,31,62
SD1740L010,2018-02-20 21:50:07,NORMAL,11.1,0,0,14.8,0,0,0,234.6,0,203.3,3.6,0,0,50,17,0,0,0,43.1,5.2,338.4,612,52.2,927,230.6,50,781,42.5,31,61
SD1740L010,2018-02-20 21:55:07,NORMAL,11.1,0,0,14.9,0,0,0,235.9,0,203.3,3.5,0,0,50,15,0,0,0,43,5.2,338.4,612,52.2,836,231.9,50,703,42.4,31,61
SD1740L010,2018-02-20 22:00:07,NORMAL,11.1,0,0,14.9,0,0,0,235.1,0,203.4,0.5,0,0,49.9,3,0,0,0,42.6,5.3,338.5,612,52.4,152,230.8,49.9,132,42.1,31,60
SD1740L010,2018-02-20 22:05:07,NORMAL,11,0,0,14.8,0,0,0,232.3,0,203.4,1.2,0,0,49.9,3,0,0,0,42.2,5.3,338.5,612,52.4,259,228.1,49.9,218,41.4,31,60
SD1740L010,2018-02-20 22:10:07,NORMAL,11.1,0,0,14.8,0,0,0,232.8,0,203.4,1.1,0,0,50,11,0,0,0,41.4,5.3,338.5,612,52.4,254,228.6,50,205,40.9,31,60
SD1740L010,2018-02-20 22:15:07,NORMAL,11.1,0,0,14.9,0,0,0,234.8,0,203.4,0.5,0,0,50,-18,0,0,0,41.1,5.3,338.5,612,52.6,51,230.5,50,67,40.7,31,60
SD1740L010,2018-02-20 22:20:07,NORMAL,11.1,0,0,14.9,0,0,0,234.1,0,203.4,0.5,0,0,50,-22,0,0,0,40.6,5.3,338.5,612,52.5,52,229.9,50,73,40.2,31,60
SD1740L010,2018-02-20 22:25:07,NORMAL,11.2,0,0,14.9,0,0,0,234.5,0,203.4,0.5,0,0,50,10,0,0,0,40.4,5.3,338.5,612,52.7,64,230.3,50,46,39.5,31,60
SD1740L010,2018-02-20 22:30:07,NORMAL,11.1,0,0,14.9,0,0,0,234.2,0,203.4,0.5,0,0,50,-28,0,0,0,40,5.3,338.5,613,52.7,59,230,50,72,39.3,31,60
SD1740L010,2018-02-20 22:35:07,NORMAL,11.1,0,0,14.9,0,0,0,233.4,0,203.4,0.5,0,0,50,-12,0,0,0,39.7,5.3,338.5,613,52.5,58,229.2,50,54,39.1,31,60
SD1740L010,2018-02-20 22:40:07,NORMAL,11.2,0,0,15,0,0,0,234.6,0,203.4,0.5,0,0,50,5,0,0,0,39.7,5.3,338.5,613,52.5,75,230.4,50,61,39.1,31,59
SD1740L010,2018-02-20 22:45:07,NORMAL,11.3,0,0,15,0,0,0,235.7,0,203.5,0.5,0,0,50,-22,0,0,0,39.5,5.3,338.5,613,52.7,46,231.4,50,67,38.7,31,59
SD1740L010,2018-02-20 22:50:07,NORMAL,11.3,0,0,15.1,0,0,0,237.2,0,203.5,0.5,0,0,50,13,0,0,0,39.1,5.3,338.5,613,52.7,64,232.9,50,48,38.1,31,59
SD1740L010,2018-02-20 22:55:07,NORMAL,11.2,0,0,14.9,0,0,0,231.7,0,203.5,0.4,0,0,50,0,0,0,0,38.9,5.3,338.5,613,52.5,82,227.6,50,73,38.4,31,59
SD1740L010,2018-02-20 23:00:07,NORMAL,11.2,0,0,14.9,0,0,0,229.4,0,203.5,0.5,0,0,50,-26,0,0,0,38.8,5.3,338.5,613,52.7,50,225.2,50,70,38.2,31,59
SD1740L010,2018-02-20 23:05:07,NORMAL,11.3,0,0,15,0,0,0,233.3,0,203.5,0.5,0,0,50,-6,0,0,0,38.7,5.3,338.5,613,52.5,70,229.1,50,74,38,31,59
SD1740L010,2018-02-20 23:10:07,NORMAL,11.3,0,0,15,0,0,0,234.2,0,203.5,0.5,0,0,50,-3,0,0,0,38.4,5.4,338.6,613,52.7,71,230,50,72,38.1,31,59
SD1740L010,2018-02-20 23:15:07,NORMAL,11.5,0,0,15.2,0,0,0,234.5,0,203.5,0.7,0,0,50,-3,0,0,0,38.6,5.4,338.6,613,52.6,171,230.3,50,150,37.7,30,59
SD1740L010,2018-02-20 23:20:07,NORMAL,11.6,0,0,15.2,0,0,0,230.2,0,203.5,0.7,0,0,50,13,0,0,0,38.2,5.4,338.6,613,52.4,169,226.1,50,147,37.7,30,59
SD1740L010,2018-02-20 23:25:07,NORMAL,11.5,0,0,15.2,0,0,0,231.9,0,203.5,0.5,0,0,50,-14,0,0,0,38.2,5.4,338.6,613,52.6,156,227.8,50,153,37.5,30,59
SD1740L010,2018-02-20 23:30:07,NORMAL,11.7,0,0,15.5,0,0,0,235.2,0,203.5,0.5,0,0,50,-10,0,0,0,38.4,5.4,338.6,614,52.4,157,230.9,50,150,37.4,30,59
SD1740L010,2018-02-20 23:35:07,NORMAL,11.8,0,0,15.5,0,0,0,234.2,0,203.5,0.7,0,0,50,-11,0,0,0,38.1,5.4,338.6,614,52.4,159,229.9,50,152,37.5,30,58
SD1740L010,2018-02-20 23:40:07,NORMAL,11.8,0,0,15.5,0,0,0,232.4,0,203.6,1.5,0,0,50,-8,0,0,0,38.1,5.4,338.6,614,52.3,270,228.3,50,244,37.4,30,58
SD1740L010,2018-02-20 23:45:07,NORMAL,11.8,0,0,15.4,0,0,0,231,0,203.6,1.2,0,0,50,7,0,0,0,37.8,5.4,338.6,614,52.5,250,226.8,50,205,37.4,30,58
SD1740L010,2018-02-20 23:50:07,NORMAL,11.9,0,0,15.5,0,0,0,235.5,0,203.6,0.5,0,0,50,1,0,0,0,37.9,5.5,338.7,614,52.4,154,231.3,50,131,37.3,30,58
SD1740L010,2018-02-20 23:55:07,NORMAL,12,0,0,15.6,0,0,0,235.8,0,203.6,0.5,0,0,50,3,0,0,0,38,5.5,338.7,614,52.5,152,231.5,50,129,37.1,30,58